name,year,house,link
Sihak Lee,Sophomore,,http://www.gocrimson.com/sports/mice/2017-18/bios/lee_sihak_r2yi
Reilly Walsh,Freshman,,http://www.gocrimson.com/sports/mice/2017-18/bios/Walsh_Reilly
Ryan Begoon,Senior,Dunster,http://www.gocrimson.com/sports/mice/2017-18/bios/begoon_ryan_y5tz
Nick Azar,Freshman,,http://www.gocrimson.com/sports/mice/2017-18/bios/Azar_Nick
Colton Kerfoot,Sophomore,Dunster,http://www.gocrimson.com/sports/mice/2017-18/bios/kerfoot_colton_g9fp
Eddie Ellis,Senior,Dunster,http://www.gocrimson.com/sports/mice/2017-18/bios/ellis_eddie_5gvb
Benjamin Foley,Freshman,,http://www.gocrimson.com/sports/mice/2017-18/bios/Foley_Ben
Mitchell Perrault,Freshman,,http://www.gocrimson.com/sports/mice/2017-18/bios/Perrault_Mitchell
Jack Donato,Freshman,,http://www.gocrimson.com/sports/mice/2017-18/bios/Donato_Jack
Benjamin Solin,Freshman,,http://www.gocrimson.com/sports/mice/2017-18/bios/Solin_Ben
John Marino,Sophomore,Dunster,http://www.gocrimson.com/sports/mice/2017-18/bios/marino_john_hgu5
Nathan Krusko,Sophomore,,http://www.gocrimson.com/sports/mice/2017-18/bios/krusko_nathan_j3cy
Seb Lloyd,Senior,Dunster,http://www.gocrimson.com/sports/mice/2017-18/bios/lloyd_seb_z5sv
Ryan Donato,Junior,Winthrop,http://www.gocrimson.com/sports/mice/2017-18/bios/donato_ryan_7qka
Ty Pelton-Byce,Sophomore,Mather,http://www.gocrimson.com/sports/mice/2017-18/bios/pelton-byce_ty_fnqf
Adam Fox,Sophomore,Mather,http://www.gocrimson.com/sports/mice/2017-18/bios/fox_adam_wnwx
Jake Horton,Senior,Quincy,http://www.gocrimson.com/sports/mice/2017-18/bios/horton_jake_eg16
Adam Baughman,Junior,Winthrop,http://www.gocrimson.com/sports/mice/2017-18/bios/baughman_adam_qtqb
Justin Szeto,Sophomore,Dunster,http://www.gocrimson.com/sports/mice/2017-18/bios/szeto_justin_yqrc
Wiley Sherman,Senior,Dunster,http://www.gocrimson.com/sports/mice/2017-18/bios/sherman_wiley_p1da
Jacob Olson,Junior,Winthrop,http://www.gocrimson.com/sports/mice/2017-18/bios/olson_jacob_34x5
Viktor Dombrovskiy,Junior,Winthrop,http://www.gocrimson.com/sports/mice/2017-18/bios/dombrovskiy_viktor_j6oj
Henry Bowlby,Freshman,,http://www.gocrimson.com/sports/mice/2017-18/bios/Bowlby_Henry
Merrick Madsen,Senior,Dunster,http://www.gocrimson.com/sports/mice/2017-18/bios/madsen_merrick_vspn
Cameron Gornet,Sophomore,,http://www.gocrimson.com/sports/mice/2017-18/bios/gornet_cameron_1mrj
Jack Badini,Freshman,,http://www.gocrimson.com/sports/mice/2017-18/bios/Badini_Jack
Michael Lackey,Junior,Winthrop,http://www.gocrimson.com/sports/mice/2017-18/bios/lackey_michael_gwq1
Thomas Aiken,Senior,Quincy,http://www.gocrimson.com/sports/mice/2017-18/bios/aiken_thomas_hap8
Michael Floodstrand,Junior,Winthrop,http://www.gocrimson.com/sports/mice/2017-18/bios/floodstrand_michael_6vf3
Frédéric Grégoire,Sophomore,,http://www.gocrimson.com/sports/mice/2017-18/bios/gregoire_frederic_9ohv
Lewis Zerter-Gossage,Junior,Winthrop,http://www.gocrimson.com/sports/mice/2017-18/bios/zerter-gossage_lewis_90dn
