name,year,house,link
Jack Frisoli,Fr,,http://www.gocrimson.com/sports/mlax/2017-18/bios/frisoli_jack_x05f
Robert Shaw,Sr,Dunster,http://www.gocrimson.com/sports/mlax/2017-18/bios/shaw_robert_j09a
Francesco Tangredi,Fr,,http://www.gocrimson.com/sports/mlax/2017-18/bios/tangredi_francesco_0wpr
Charlie Olmert,Fr,,http://www.gocrimson.com/sports/mlax/2017-18/bios/olmert_charlie_bo3u
Jonathan Butler,Jr,Dunster,http://www.gocrimson.com/sports/mlax/2017-18/bios/butler_jonathan_qm25
Joe Kearney,Sr,Dunster,http://www.gocrimson.com/sports/mlax/2017-18/bios/kearney_joe_jt5c
Sean Coleman,Sr,Winthrop,http://www.gocrimson.com/sports/mlax/2017-18/bios/coleman_sean_hocq
Larsen Bidstrup,Jr,Dunster,http://www.gocrimson.com/sports/mlax/2017-18/bios/bidstrup_larsen_5mnu
Spencer Evans,Sr,Lowell,http://www.gocrimson.com/sports/mlax/2017-18/bios/evans_spencer_uva7
Peter Blynn,Sr,Winthrop,http://www.gocrimson.com/sports/mlax/2017-18/bios/blynn_peter_m8z4
Robert Mencke,Sr,Dunster,http://www.gocrimson.com/sports/mlax/2017-18/bios/mencke_robert_lgv0
Carney Mahon,Sr,Winthrop,http://www.gocrimson.com/sports/mlax/2017-18/bios/mahon_carney_r2id
Morgan Cheek,Sr,Winthrop,http://www.gocrimson.com/sports/mlax/2017-18/bios/cheek_morgan_ll5x
James Sullivan,Jr,Dunster,http://www.gocrimson.com/sports/mlax/2017-18/bios/sullivan_james_ea87
Kyle Anderson,So,Dunster,http://www.gocrimson.com/sports/mlax/2017-18/bios/anderson_kyle_awud
Kyle Massimilian,Fr,,http://www.gocrimson.com/sports/mlax/2017-18/bios/massimilian_kyle_hhhr
Beau Bayh,Sr,Dunster,http://www.gocrimson.com/sports/mlax/2017-18/bios/bayh_beau_r0ul
Myles Hamm,Fr,,http://www.gocrimson.com/sports/mlax/2017-18/bios/hamm_myles_0jit
Spencer Daniel,Jr,Dunster,http://www.gocrimson.com/sports/mlax/2017-18/bios/daniel_spencer_5mn1
Brendan Forst,Fr,,http://www.gocrimson.com/sports/mlax/2017-18/bios/forst_brendan_x507
Connor McCroskey,So,Leverett,http://www.gocrimson.com/sports/mlax/2017-18/bios/mccroskey_connor_g1lc
Tim Edmonds,Sr,Winthrop,http://www.gocrimson.com/sports/mlax/2017-18/bios/edmonds_tim_i0z2
J.T. Palladino,Sr,Winthrop,http://www.gocrimson.com/sports/mlax/2017-18/bios/palladino_j.t._hup4
Joe Lang,Sr,Winthrop,http://www.gocrimson.com/sports/mlax/2017-18/bios/lang_joe_o1n1
Jake Scott,Sr,,http://www.gocrimson.com/sports/mlax/2017-18/bios/scott_jake_sfc3
Nigel Andrews,So,Dunster,http://www.gocrimson.com/sports/mlax/2017-18/bios/andrews_nigel_sncf
David Strupp,So,Dunster,http://www.gocrimson.com/sports/mlax/2017-18/bios/strupp_david_nut1
Beau Botkiss,So,Dunster,http://www.gocrimson.com/sports/mlax/2017-18/bios/botkiss_beau_9ku7
Steven Cuccurullo,Fr,,http://www.gocrimson.com/sports/mlax/2017-18/bios/cuccurullo_steven_0ghv
Jacob Boll,So,Eliot,http://www.gocrimson.com/sports/mlax/2017-18/bios/boll_jacob_v3w9
Chris Rota,So,Quincy,http://www.gocrimson.com/sports/mlax/2017-18/bios/rota_chris_wimf
Brett Clark,Jr,Dunster,http://www.gocrimson.com/sports/mlax/2017-18/bios/clark_brett_nsrk
John O'Leary,Sr,Winthrop,http://www.gocrimson.com/sports/mlax/2017-18/bios/o-leary_john_dm72
Watson Cheek,So,,http://www.gocrimson.com/sports/mlax/2017-18/bios/cheek_watson_mtfb
Chris Athanasian,So,Mather,http://www.gocrimson.com/sports/mlax/2017-18/bios/athanasian_chris_rkmx
Kyle Mullin,Fr,,http://www.gocrimson.com/sports/mlax/2017-18/bios/mullin_kyle_x3s0
Eric Wang,Jr,Dunster,http://www.gocrimson.com/sports/mlax/2017-18/bios/wang_eric_zf2g
Michael Farber,Sr,,http://www.gocrimson.com/sports/mlax/2017-18/bios/farber_michael_4yzi
Ryan Graff,So,Mather,http://www.gocrimson.com/sports/mlax/2017-18/bios/graff_ryan_d9qn
George Loring,So,Dunster,http://www.gocrimson.com/sports/mlax/2017-18/bios/loring_george_h6am
Noah Knopf,So,Cabot,http://www.gocrimson.com/sports/mlax/2017-18/bios/knopf_noah_bmkx
Jeremy Magno,So,Mather,http://www.gocrimson.com/sports/mlax/2017-18/bios/magno_jeremy_pmw3
Dalton Follows,So,Dunster,http://www.gocrimson.com/sports/mlax/2017-18/bios/follows_dalton_rgow
James Swartz,Fr,,http://www.gocrimson.com/sports/mlax/2017-18/bios/swartz_james_49pm
Bryn Evans,Fr,,http://www.gocrimson.com/sports/mlax/2017-18/bios/evans_bryn_t91z
Kyle Salvatore,Fr,,http://www.gocrimson.com/sports/mlax/2017-18/bios/salvatore_kyle_6ai3
